{"animation-clips":[{"id":20220,"path":"Assets/Animations/MaskAnimation.anim","assetBundleId":-1,"data":["MaskAnimation",0,0,0.75,[["",0,"UnityEngine.RectTransform","m_SizeDelta.x",[0,42],[]],["",0,"UnityEngine.RectTransform","m_AnchoredPosition.x",[42,42],[]]],[],true,60,[0,0,0,0,0,0],0,null,[null,null]]},{"id":20222,"path":"Assets/Animations/HandAnim.anim","assetBundleId":-1,"data":["HandAnim",0,1,1,[["",0,"UnityEngine.RectTransform","m_AnchoredPosition.x",[84,14],[]],["",0,"UnityEngine.RectTransform","m_LocalScale.x",[98,42],[]],["",0,"UnityEngine.RectTransform","m_LocalScale.y",[140,42],[]],["",0,"UnityEngine.RectTransform","m_LocalScale.z",[182,42],[]]],[],true,60,[0,0,0,0,0,0],0,null,[null,null]]},{"id":20224,"path":"Assets/Animations/ArrpwAnim.anim","assetBundleId":-1,"data":["ArrpwAnim",0,1,0.833333313465118,[["",0,"UnityEngine.UI.Image","m_Color.r",[224,28],[]],["",0,"UnityEngine.UI.Image","m_Color.g",[252,28],[]],["",0,"UnityEngine.UI.Image","m_Color.b",[280,28],[]],["",0,"UnityEngine.UI.Image","m_Color.a",[308,42],[]],["Hand3",-785162900,"UnityEngine.RectTransform","m_AnchoredPosition.x",[350,42],[]],["Hand3",-785162900,"UnityEngine.RectTransform","m_AnchoredPosition.y",[392,42],[]]],[],true,60,[0,0,0,0,0,0],0,null,[null,null]]},{"id":20248,"path":"Assets/Animations/Hand2.anim","assetBundleId":-1,"data":["Hand2",0,1,1,[["",0,"UnityEngine.RectTransform","m_AnchoredPosition.x",[434,14],[]],["",0,"UnityEngine.RectTransform","m_LocalScale.x",[448,42],[]],["",0,"UnityEngine.RectTransform","m_LocalScale.y",[490,42],[]],["",0,"UnityEngine.RectTransform","m_LocalScale.z",[532,42],[]]],[],true,60,[0,0,0,0,0,0],0,null,[null,null]]}],"animator-controllers":[{"id":20244,"path":"Assets/Animations/Arrow.controller","assetBundleId":-1,"data":["Arrow",[["Base Layer",0,0,0,-1,0,[],[20986,"Base Layer","Base Layer",[[20998,"ArrpwAnim",0,"",0,0,"",0,20224,477065570,1797460166,0.5,"",0,"",0,1,[],[]]],[],[],[],[],20998]]],[],[20224],1]},{"id":20218,"path":"Assets/Animations/Hand.controller","assetBundleId":-1,"data":["Hand",[["Base Layer",0,0,0,-1,0,[],[20934,"Base Layer","Base Layer",[[20936,"HandAnim",0,"",0,0,"",0,20222,168487614,1797460166,0.5,"",0,"",0,1,[],[]]],[],[],[],[],20936]]],[],[20222],1]},{"id":20212,"path":"Assets/Animations/MaskA.controller","assetBundleId":-1,"data":["MaskA",[["Base Layer",0,0,0,-1,0,[],[20984,"Base Layer","Base Layer",[[20988,"MaskAnimation",0,"",0,0,"",0,20220,-514896236,1797460166,0.200000002980232,"",0,"",0,1,[],[]],[20990,"New State",0,"",0,0,"",0,0,-499022955,1797460166,1,"",0,"",0,1,[],[]],[20992,"HandDragANim",0,"",0,0,"",0,0,-229932324,1797460166,1,"",0,"",0,1,[],[]]],[],[[20990,0,0,0,[]]],[],[[null,1,0.25,0.75,0,1,0,0,1,20988,0,0,0,[[1,"StartMaskAnimate",0]]]],20990]]],[[0,0,0,"StartMaskAnimate",-1206366341,9]],[20220],1]},{"id":20230,"path":"Assets/Animations/Hand2.controller","assetBundleId":-1,"data":["Hand2",[["Base Layer",0,0,0,-1,0,[],[21116,"Base Layer","Base Layer",[[21118,"Hand2",0,"",0,0,"",0,20248,-1506513414,1797460166,0.5,"",0,"",0,1,[],[]]],[],[],[],[],21118]]],[],[20248],1]}],"materials":[{"id":-1610,"path":"Default UI Material","assetBundleId":-1,"data":["Default UI Material",0,28,3000,0,[["_StencilComp",8],["_Stencil",0],["_StencilOp",0],["_StencilWriteMask",255],["_StencilReadMask",255],["_ColorMask",15],["_UseUIAlphaClip",0]],[["_Color",1,1,1,1]],[["_MainTex_ST",1,1,0,0]],[["_MainTex",null,null]],[]]},{"id":21106,"path":"Assets/TextMesh Pro/Resources/Sprite Assets/EmojiOne.asset","assetBundleId":-1,"data":["TextMeshPro/Sprite",0,422,3000,0,[["_StencilComp",8],["_Stencil",0],["_StencilOp",0],["_StencilWriteMask",255],["_StencilReadMask",255],["_CullMode",0],["_ColorMask",15],["_UseUIAlphaClip",0]],[["_Color",1,1,1,1]],[["_MainTex_ST",1,1,0,0],["_ClipRect",-32767,-32767,32767,32767]],[["_MainTex",34,21108]],[["UNITY_UI_CLIP_RECT",1]]]}],"scenes":[{"id":0,"name":"MainScene","path":"Assets/Scenes/MainScene.unity","assetBundleId":-1,"data":["MainScene",0,1],"objects":[{"id":46476,"path":"Main Camera","assetBundleId":0,"components":[{"type":1,"id":46482,"data":[0,0,-10,1,1,1,0,0,0,1]},{"type":2,"id":46480,"data":[1,0.5625,1,5,0.192156866192818,0.301960796117783,0.474509805440903,0,0.300000011920929,1000,60,-1,2,-1,[0,0,1,1],null,null,0,50,36,24,0,0,2,0,1]},{"type":3,"id":46478,"data":[]},{"type":4,"id":46484,"enabled":1,"class":5,"data":[6,46680]}],"children":[],"data":["Main Camera",4,1,0,0]},{"id":46654,"path":"AudioManager","assetBundleId":0,"components":[{"type":1,"id":46658,"data":[-1.01689672470093,3.96975421905518,-0.0452940799295902,1,1,1,0,0,0,1]},{"type":4,"id":46656,"enabled":1,"class":7,"data":[8,20260,10]}],"children":[],"data":["AudioManager",0,1,0,0]},{"id":46698,"path":"TaskManager","assetBundleId":0,"components":[{"type":1,"id":46702,"data":[-1.01689672470093,3.96975421905518,-0.0452940799295902,1,1,1,0,0,0,1]},{"type":4,"id":46700,"enabled":1,"class":9,"data":[]}],"children":[],"data":["TaskManager",0,1,0,0]},{"id":46678,"path":"BG","assetBundleId":0,"components":[{"type":1,"id":46682,"data":[0,0,0,1,1,1,0,0,0,1]},{"type":6,"id":46680,"data":[1,10,470,[10,470],0,0,0,0,-1,0,1,1,0,0,1,1,1,1,1,1,11,20864,0,0,0,5.62002420425415,9.99115371704102,0,0.5,0,0]}],"children":[],"data":["BG",0,1,0,0]},{"id":46746,"path":"BG (1)","assetBundleId":0,"components":[{"type":1,"id":46750,"data":[1.06700003147125,-0.400099992752075,0,4.59161376953125,2.20136761665344,1,0,0,0,1]},{"type":6,"id":46748,"data":[1,10,470,[10,470],0,0,0,0,-1,0,1,1,0,0,1,1,1,1,1,1,11,20864,0,0,0,5.62002420425415,9.99115371704102,0,0.5,0,0]}],"children":[],"data":["BG (1)",0,1,0,0]},{"id":46802,"path":"Canvas","assetBundleId":0,"components":[{"type":12,"id":46810,"data":[0.5,0.5,0,0,0,0,1061.34521484375,1920,-0.0485000014305115,0,-1.59000015258789,0,0,0,1,0.00520833348855376,0.00520833348855376,0.00520833348855376]},{"type":13,"id":46808,"data":[1,8.40999984741211,100,0,2,0,"Default",0,1,2,46480,0,0,0,0]},{"type":14,"id":46806,"enabled":1,"class":15,"data":[0,100,1,800,600,0,0,3,96,96,1,1]},{"type":14,"id":46804,"enabled":1,"class":16,"data":[1,0,-1]}],"children":[{"id":46822,"path":"Canvas","assetBundleId":0,"components":[{"type":12,"id":46824,"data":[0.5,0.5,0,0,1,1,0,0,0,0,0,0,0,0,1,1,1,1]},{"type":17,"id":46828,"data":[1]},{"type":14,"id":46826,"enabled":1,"class":18,"data":[11,20864,0,0,1,4,1,1,0,0,1,null,null,1,1,1,1,1,1,0,0,0,0]},{"type":19,"id":46832,"data":[1,1,1,0,1]},{"type":4,"id":46830,"enabled":1,"class":20,"data":[19,46832,1,1,0,1,1,7]}],"children":[{"id":46354,"path":"Canvas","assetBundleId":0,"components":[{"type":12,"id":46356,"data":[0,1,0.5,0.5,0.5,0.5,231.640014648438,289.369995117188,-12,-20,0,0,0,-0.136186227202415,0.990683257579803,1,1,1]},{"type":17,"id":46364,"data":[1]},{"type":14,"id":46362,"enabled":1,"class":18,"data":[11,20856,0,0,1,4,1,1,0,0,1,null,null,1,1,1,1,1,0,0,0,0,0]},{"type":21,"id":46360,"data":[22,20218,null,null,0,1,0,[],1]},{"type":13,"id":46358,"data":[1,100,100,0,2,6,"Default",104,1,null,null,1,0,0,0]}],"children":[],"data":["Hand",0,1,0,5]},{"id":46342,"path":"Canvas","assetBundleId":0,"components":[{"type":12,"id":46344,"data":[0.5,0.5,0.5,0.5,0.5,0.5,189.610000610352,189.610000610352,-353.966430664063,820.27001953125,0,0,0,0,1,1,1,1]},{"type":17,"id":46352,"data":[1]},{"type":14,"id":46350,"enabled":1,"class":18,"data":[11,20854,0,0,1,4,1,1,0,0,1,null,null,1,1,1,1,1,1,0,0,0,0]},{"type":14,"id":46348,"enabled":1,"class":23,"data":[[[[[24,46496,"GameManager, Assembly-CSharp","CTAClicked",1,[null,null,"UnityEngine.Object, UnityEngine",0,0,"",0],2]]]],[3,0,null,null,null,null,null,null,null,null],1,[1,1,1,1,0.960784316062927,0.960784316062927,0.960784316062927,1,0.7843137383461,0.7843137383461,0.7843137383461,1,0.960784316062927,0.960784316062927,0.960784316062927,1,0.7843137383461,0.7843137383461,0.7843137383461,0.501960813999176,1,0.100000001490116],[null,null,null,null,null,null,null,null],["Normal","Highlighted","Pressed","Selected","Disabled"],1,18,46350]},{"type":13,"id":46346,"data":[1,100,100,0,2,6,"Default",201,1,null,null,1,0,0,0]}],"children":[],"data":["Logo",0,1,0,5]},{"id":46452,"path":"Canvas","assetBundleId":0,"components":[{"type":12,"id":46454,"data":[0.5,0.5,0.5,0.5,0.5,0.5,629.080017089844,144.160003662109,0,-10,0,0,0,0,1,1,1,1]},{"type":17,"id":46460,"data":[1]},{"type":14,"id":46458,"enabled":1,"class":18,"data":[11,20868,0,0,1,4,1,1,0,0,1,null,null,1,1,1,1,1,1,0,0,0,0]},{"type":14,"id":46456,"enabled":1,"class":23,"data":[[[[[24,46496,"GameManager, Assembly-CSharp","SummarizeText1",1,[null,null,"UnityEngine.Object, UnityEngine",0,0,"",0],2]]]],[3,0,null,null,null,null,null,null,null,null],1,[1,1,1,1,0.960784316062927,0.960784316062927,0.960784316062927,1,0.7843137383461,0.7843137383461,0.7843137383461,1,0.960784316062927,0.960784316062927,0.960784316062927,1,0.7843137383461,0.7843137383461,0.7843137383461,0.501960813999176,1,0.100000001490116],[null,null,null,null,null,null,null,null],["Normal","Highlighted","Pressed","Selected","Disabled"],1,18,46458]},{"type":13,"id":46464,"data":[1,100,100,0,2,6,"Default",1,1,null,null,1,0,0,0]},{"type":14,"id":46462,"enabled":1,"class":16,"data":[1,0,-1]}],"children":[],"data":["TranscribeBtn",0,1,0,5]}],"data":["OpeningPanel",0,0,0,5]},{"id":46416,"path":"Canvas","assetBundleId":0,"components":[{"type":12,"id":46418,"data":[0.5,0.5,0,0,1,1,0,0,0,0,0,0,0,0,1,1,1,1]},{"type":17,"id":46422,"data":[1]},{"type":14,"id":46420,"enabled":1,"class":18,"data":[11,20864,0,0,1,4,1,1,0,0,1,null,null,1,1,1,1,0,1,0,0,0,0]},{"type":13,"id":46424,"data":[1,100,100,0,2,1,"Default",30,1,2,46480,1,0,0,0]},{"type":14,"id":46426,"enabled":1,"class":16,"data":[1,0,-1]},{"type":19,"id":46430,"data":[1,1,1,0,1]},{"type":4,"id":46428,"enabled":1,"class":20,"data":[19,46430,1,1,0,1,1,7]}],"children":[{"id":46582,"path":"Canvas","assetBundleId":0,"components":[{"type":12,"id":46584,"data":[0.5,0.5,0.5,0.5,0.5,0.5,189.610000610352,189.610000610352,-354.299987792969,820,0,0,0,0,1,1,1,1]},{"type":17,"id":46588,"data":[1]},{"type":14,"id":46586,"enabled":1,"class":18,"data":[11,20854,0,0,1,4,1,1,0,0,1,null,null,1,1,1,1,1,1,0,0,0,0]},{"type":14,"id":46590,"enabled":1,"class":23,"data":[[[[[24,46496,"GameManager, Assembly-CSharp","CTAClicked",1,[null,null,"UnityEngine.Object, UnityEngine",0,0,"",0],2]]]],[3,0,null,null,null,null,null,null,null,null],1,[1,1,1,1,0.960784316062927,0.960784316062927,0.960784316062927,1,0.7843137383461,0.7843137383461,0.7843137383461,1,0.960784316062927,0.960784316062927,0.960784316062927,1,0.7843137383461,0.7843137383461,0.7843137383461,0.501960813999176,1,0.100000001490116],[null,null,null,null,null,null,null,null],["Normal","Highlighted","Pressed","Selected","Disabled"],1,18,46586]}],"children":[],"data":["Logo",0,1,0,5]},{"id":46384,"path":"Canvas","assetBundleId":0,"components":[{"type":12,"id":46386,"data":[0.5,0.5,0.5,0.5,0.5,0.5,536.549987792969,66.6800003051758,44,744,0,0,0,0,1,1,1,1]},{"type":17,"id":46392,"data":[1]},{"type":14,"id":46390,"enabled":1,"class":18,"data":[11,20860,0,0,1,4,1,1,0,0,1,null,null,1,1,1,1,1,1,0,0,0,0]},{"type":14,"id":46388,"enabled":1,"class":23,"data":[[[[]]],[3,0,null,null,null,null,null,null,null,null],1,[1,1,1,1,0.960784316062927,0.960784316062927,0.960784316062927,1,0.7843137383461,0.7843137383461,0.7843137383461,1,0.960784316062927,0.960784316062927,0.960784316062927,1,0.7843137383461,0.7843137383461,0.7843137383461,0.501960813999176,1,0.100000001490116],[null,null,null,null,null,null,null,null],["Normal","Highlighted","Pressed","Selected","Disabled"],1,18,46390]},{"type":13,"id":46394,"data":[1,100,100,0,2,4,"Default",197,1,2,46480,1,0,0,0]},{"type":14,"id":46396,"enabled":1,"class":16,"data":[1,0,-1]}],"children":[],"data":["TapTo",0,1,0,5]},{"id":46812,"path":"Canvas","assetBundleId":0,"components":[{"type":12,"id":46814,"data":[0.5,0.5,0,0,1,1,-135.270004272461,-1816.02001953125,-0.0001220703125,581.440002441406,0,0,0,0,1,1,1,1]},{"type":17,"id":46818,"data":[1]},{"type":14,"id":46816,"enabled":1,"class":18,"data":[11,702,1,0,1,4,1,1,0,0,1,null,null,1,0.396226406097412,0.396226406097412,0.396226406097412,0,0,0,0,0,0]},{"type":14,"id":46820,"enabled":1,"class":25,"data":[10,1,1,1,1,0,0,0,10,10,10,10,0]}],"children":[{"id":46592,"path":"Canvas","assetBundleId":0,"components":[{"type":12,"id":46594,"data":[0.5,0.5,0,1,0,1,448.03759765625,83.97998046875,234.018798828125,-51.989990234375,0,0,0,0,1,1,1,1]},{"type":17,"id":46598,"data":[1]},{"type":14,"id":46596,"enabled":1,"class":18,"data":[null,null,0,0,1,4,1,1,0,0,1,null,null,1,1,1,1,1,1,0,0,0,0]}],"children":[{"id":46736,"path":"Canvas","assetBundleId":0,"components":[{"type":12,"id":46738,"data":[0.5,0.5,0,1,0,1,416.910003662109,83.9800033569336,208.460006713867,-42,0,0,0,0,1,1,1,1]},{"type":17,"id":46744,"data":[1]},{"type":14,"id":46742,"enabled":1,"class":18,"data":[11,20870,0,0,1,4,1,1,0,0,1,null,null,1,1,1,1,1,1,0,0,0,0]},{"type":14,"id":46740,"enabled":1,"class":23,"data":[[[[]]],[3,0,null,null,null,null,null,null,null,null],1,[1,1,1,1,0.960784316062927,0.960784316062927,0.960784316062927,1,0.7843137383461,0.7843137383461,0.7843137383461,1,0.960784316062927,0.960784316062927,0.960784316062927,1,0.7843137383461,0.7843137383461,0.7843137383461,0.501960813999176,1,0.100000001490116],[null,null,null,null,null,null,null,null],["Normal","Highlighted","Pressed","Selected","Disabled"],1,18,46742]}],"children":[],"data":["TranscriptBtnBlue",0,1,0,5]},{"id":46398,"path":"Canvas","assetBundleId":0,"components":[{"type":12,"id":46400,"data":[0.5,0.5,0,1,0,1,400.390014648438,68.7119979858398,208.459991455078,-42.0000267028809,0,0,0,0,1,1,1,1]},{"type":17,"id":46406,"data":[1]},{"type":14,"id":46404,"enabled":1,"class":18,"data":[11,20858,0,0,1,4,1,1,0,0,1,null,null,1,1,1,1,1,1,0,0,0,0]},{"type":14,"id":46402,"enabled":1,"class":23,"data":[[[[]]],[3,0,null,null,null,null,null,null,null,null],1,[1,1,1,1,0.960784316062927,0.960784316062927,0.960784316062927,1,0.7843137383461,0.7843137383461,0.7843137383461,1,0.960784316062927,0.960784316062927,0.960784316062927,1,0.7843137383461,0.7843137383461,0.7843137383461,0.501960813999176,1,0.100000001490116],[null,null,null,null,null,null,null,null],["Normal","Highlighted","Pressed","Selected","Disabled"],1,18,46404]}],"children":[],"data":["TranscriptBtn",0,0,0,5]}],"data":["Btn1",0,1,0,5]},{"id":46432,"path":"Canvas","assetBundleId":0,"components":[{"type":12,"id":46434,"data":[0.5,0.5,0,1,0,1,448.03759765625,83.97998046875,692.056396484375,-51.989990234375,0,0,0,0,1,1,1,1]},{"type":17,"id":46438,"data":[1]},{"type":14,"id":46436,"enabled":1,"class":18,"data":[null,null,0,0,1,4,1,1,0,0,1,null,null,1,1,1,1,1,1,0,0,0,0]}],"children":[{"id":46792,"path":"Canvas","assetBundleId":0,"components":[{"type":12,"id":46794,"data":[0.5,0.5,0,1,0,1,400.390014648438,68.7119979858398,228.679992675781,-41.9900016784668,0,0,0,0,1,1,1,1]},{"type":17,"id":46800,"data":[1]},{"type":14,"id":46798,"enabled":1,"class":18,"data":[11,20884,0,0,1,4,1,1,0,0,1,null,null,1,1,1,1,1,1,0,0,0,0]},{"type":14,"id":46796,"enabled":1,"class":23,"data":[[[[[24,46496,"GameManager, Assembly-CSharp","SummarizeText",1,[null,null,"UnityEngine.Object, UnityEngine",0,0,"",0],2]]]],[3,0,null,null,null,null,null,null,null,null],1,[1,1,1,1,0.960784316062927,0.960784316062927,0.960784316062927,1,0.7843137383461,0.7843137383461,0.7843137383461,1,0.960784316062927,0.960784316062927,0.960784316062927,1,0.7843137383461,0.7843137383461,0.7843137383461,0.501960813999176,1,0.100000001490116],[null,null,null,null,null,null,null,null],["Normal","Highlighted","Pressed","Selected","Disabled"],1,18,46798]}],"children":[],"data":["SummaryBtn",0,1,0,5]},{"id":46564,"path":"Canvas","assetBundleId":0,"components":[{"type":12,"id":46566,"data":[0.5,0.5,0.5,0.5,0.5,0.5,415.609985351563,83.9820022583008,-0.00250239996239543,0.000990390777587891,0,0,0,0,1,1,1,1]},{"type":17,"id":46572,"data":[1]},{"type":14,"id":46570,"enabled":1,"class":18,"data":[11,20874,0,0,1,4,1,1,0,0,1,null,null,1,1,1,1,1,1,0,0,0,0]},{"type":14,"id":46568,"enabled":1,"class":23,"data":[[[[]]],[3,0,null,null,null,null,null,null,null,null],1,[1,1,1,1,0.960784316062927,0.960784316062927,0.960784316062927,1,0.7843137383461,0.7843137383461,0.7843137383461,1,0.960784316062927,0.960784316062927,0.960784316062927,1,0.7843137383461,0.7843137383461,0.7843137383461,0.501960813999176,1,0.100000001490116],[null,null,null,null,null,null,null,null],["Normal","Highlighted","Pressed","Selected","Disabled"],1,18,46570]}],"children":[],"data":["SummaryBtnBlue",0,0,0,5]}],"data":["Btn2",0,1,0,5]}],"data":["BtnPanel",0,1,0,5]},{"id":46870,"path":"Canvas","assetBundleId":0,"components":[{"type":12,"id":46854,"data":[0.5,0.5,0,0,1,1,0,-599.960021972656,0,-182.570007324219,0,0,0,0,1,1,1,1]},{"type":17,"id":46876,"data":[1]},{"type":14,"id":46888,"enabled":1,"class":18,"data":[11,20864,0,0,1,4,1,1,0,0,1,null,null,1,1,1,1,1,0,0,0,0,0]},{"type":13,"id":46892,"data":[1,100,100,0,2,2,"Default",43,1,2,46480,1,0,0,0]},{"type":14,"id":46886,"enabled":1,"class":16,"data":[1,0,-1]},{"type":19,"id":46880,"data":[1,1,1,0,1]},{"type":4,"id":46838,"enabled":1,"class":20,"data":[19,46880,1,1,0,0,1,7]},{"type":14,"id":46846,"enabled":1,"class":26,"data":[1]}],"children":[{"id":46894,"path":"Canvas","assetBundleId":0,"components":[{"type":12,"id":46868,"data":[0.5,0.5,0.5,0.5,0.5,0.5,973.640014648438,1318.19995117188,14.4580001831055,0.919009983539581,0,0,0,0,1,1,1,1]},{"type":17,"id":46856,"data":[1]},{"type":14,"id":46862,"enabled":1,"class":27,"data":[null,null,0,1,1,0.100000001490116,1,0.135000005364418,1,null,null,null,null,null,null,0,0,0,0,[[[]]]]}],"children":[],"data":["TextContainer",0,1,0,5]},{"id":46552,"path":"Canvas","assetBundleId":0,"components":[{"type":12,"id":46554,"data":[0,1,0.5,0.5,0.5,0.5,231.640014648438,289.369995117188,234.199996948242,783,0,0,0,-0.136186227202415,0.990683257579803,1,1,1]},{"type":17,"id":46560,"data":[1]},{"type":14,"id":46558,"enabled":1,"class":18,"data":[11,20856,0,0,1,4,1,1,0,0,1,null,null,1,1,1,1,1,0,0,0,0,0]},{"type":13,"id":46556,"data":[1,100,100,0,2,3,"Default",104,1,2,46480,1,0,0,0]},{"type":21,"id":46562,"data":[22,20230,null,null,0,1,0,[],1]}],"children":[],"data":["Hand2",0,1,0,5]},{"id":46850,"path":"Canvas","assetBundleId":0,"components":[{"type":12,"id":46864,"data":[0.5,0.5,0,0,1,1,0,1972.73999023438,0,194.830001831055,0,0,0,0,1,1,1,1]},{"type":17,"id":46842,"data":[1]},{"type":14,"id":46840,"enabled":1,"class":18,"data":[null,null,0,0,1,4,1,1,0,0,1,null,null,1,0,0,0,0.384313732385635,1,0,0,0,0]},{"type":13,"id":46858,"data":[1,100,100,0,2,6,"Default",51,1,null,null,1,0,0,0]},{"type":19,"id":46852,"data":[0,1,1,0,1]},{"type":4,"id":46884,"enabled":1,"class":20,"data":[19,46852,1,1,0,1,1,7]}],"children":[],"data":["Filter",0,0,0,5]},{"id":46366,"path":"Canvas","assetBundleId":0,"components":[{"type":12,"id":46368,"data":[0.5,0.5,0.5,0.5,0.5,0.5,1050.38000488281,1252.10998535156,26.4200000762939,-12.6899995803833,0,0,0,0.00455988803878427,0.999989628791809,1,1,1]},{"type":17,"id":46372,"data":[1]},{"type":14,"id":46370,"enabled":1,"class":18,"data":[11,33684,0,0,1,4,1,1,0,0,1,null,null,1,1,1,1,1,1,0,0,0,0]}],"children":[],"data":["TextToSummarize",0,1,0,5]}],"data":["Body",0,1,0,5]}],"data":["MainPanel",0,1,0,5]},{"id":46500,"path":"Canvas","assetBundleId":0,"components":[{"type":12,"id":46502,"data":[0.5,0.5,0,0,0.975000023841858,1,26.9899997711182,1089.18994140625,13.4949998855591,-6.6300048828125,0,0,0,0,1,1,1,1]},{"type":17,"id":46506,"data":[1]},{"type":14,"id":46504,"enabled":1,"class":18,"data":[11,20864,0,0,1,4,1,1,0,0,1,null,null,1,1,1,1,1,1,0,0,0,0]},{"type":13,"id":46512,"data":[1,100,100,0,2,6,"Default",53,1,null,null,1,0,0,0]},{"type":19,"id":46510,"data":[0,1,1,0,1]},{"type":4,"id":46508,"enabled":1,"class":20,"data":[19,46510,1,1,0,1,1,7]},{"type":21,"id":46514,"data":[22,20212,null,null,0,1,1,[],1]},{"type":14,"id":46516,"enabled":1,"class":26,"data":[1]}],"children":[{"id":46600,"path":"Canvas","assetBundleId":0,"components":[{"type":12,"id":46602,"data":[0.5,0.5,0,0,0,1,160.369995117188,1625.16003417969,53,99,0,0,0,0,1,-1,0.675000011920929,1]},{"type":17,"id":46606,"data":[1]},{"type":14,"id":46604,"enabled":1,"class":18,"data":[11,20878,0,0,1,4,1,1,0,0,1,null,null,1,1,1,1,1,1,0,0,0,0]},{"type":13,"id":46612,"data":[1,100,100,0,2,6,"Default",202,1,null,null,1,0,0,0]},{"type":19,"id":46610,"data":[1,1,1,0,1]},{"type":4,"id":46608,"enabled":1,"class":20,"data":[19,46610,1,1,0,1,1,7]},{"type":14,"id":46614,"enabled":1,"class":16,"data":[1,0,-1]},{"type":4,"id":46616,"enabled":1,"class":28,"data":[12,46502,100]}],"children":[],"data":["Handle",0,1,0,5]},{"id":46440,"path":"Canvas","assetBundleId":0,"components":[{"type":12,"id":46442,"data":[0.5,0.5,0.5,0.5,0.5,0.5,100,423.890014648438,-246.999969482422,26,0,0,0,-0.707106828689575,0.707106828689575,1,1,1]},{"type":17,"id":46446,"data":[1]},{"type":14,"id":46444,"enabled":1,"class":18,"data":[11,20866,0,0,1,4,1,1,0,0,1,null,null,1,0.99056601524353,0.93754518032074,0.266331404447556,1,1,0,0,0,0]},{"type":21,"id":46448,"data":[22,20244,null,null,0,1,0,[],1]},{"type":13,"id":46450,"data":[1,100,100,0,2,6,"Default",128,1,null,null,1,0,0,0]}],"children":[{"id":46782,"path":"Canvas","assetBundleId":0,"components":[{"type":12,"id":46784,"data":[0,1,0.5,0.5,0.5,0.5,231.640014648438,289.369995117188,-9,-211,0,0,0,0.604220628738403,0.796817004680634,1,1,1]},{"type":17,"id":46790,"data":[1]},{"type":14,"id":46788,"enabled":1,"class":18,"data":[11,20856,0,0,1,4,1,1,0,0,1,null,null,1,1,1,1,1,0,0,0,0,0]},{"type":13,"id":46786,"data":[1,100,100,0,2,6,"Default",252,1,null,null,1,0,0,0]}],"children":[],"data":["Hand3",0,1,0,5]}],"data":["Arrow",0,1,0,5]},{"id":46528,"path":"Canvas","assetBundleId":0,"components":[{"type":12,"id":46530,"data":[0.5,0.5,1,0.5,1,0.5,1080,473.260009765625,-539.992492675781,1171.20971679688,0,0,0,0,1,1,1,1]},{"type":17,"id":46538,"data":[1]},{"type":14,"id":46536,"enabled":1,"class":18,"data":[11,20864,0,0,1,4,1,1,0,0,1,null,null,1,0.933962285518646,0.559496283531189,0.559496283531189,0.403921574354172,1,0,0,0,0]},{"type":13,"id":46534,"data":[1,100,100,0,2,6,"Default",57,1,null,null,1,0,0,0]},{"type":14,"id":46532,"enabled":1,"class":16,"data":[1,0,-1]}],"children":[{"id":46684,"path":"Canvas","assetBundleId":0,"components":[{"type":12,"id":46686,"data":[0.5,0.5,0.5,0.5,0.5,0.5,445.700012207031,102.139999389648,0,776.260009765625,0,0,0,0,1,1,1,1]},{"type":17,"id":46696,"data":[1]},{"type":14,"id":46694,"enabled":1,"class":18,"data":[11,20882,0,0,1,4,1,1,0,0,1,null,null,1,1,1,1,1,1,0,0,0,0]},{"type":14,"id":46692,"enabled":1,"class":23,"data":[[[[[24,46496,"GameManager, Assembly-CSharp","SummarizeText",1,[null,null,"UnityEngine.Object, UnityEngine",0,0,"",0],2]]]],[3,0,null,null,null,null,null,null,null,null],1,[1,1,1,1,0.960784316062927,0.960784316062927,0.960784316062927,1,0.7843137383461,0.7843137383461,0.7843137383461,1,0.960784316062927,0.960784316062927,0.960784316062927,1,0.7843137383461,0.7843137383461,0.7843137383461,0.501960813999176,1,0.100000001490116],[null,null,null,null,null,null,null,null],["Normal","Highlighted","Pressed","Selected","Disabled"],1,18,46694]},{"type":13,"id":46690,"data":[1,100,100,0,2,6,"Default",89,1,null,null,1,0,0,0]},{"type":14,"id":46688,"enabled":1,"class":16,"data":[1,0,-1]}],"children":[],"data":["TapTo",0,0,0,5]},{"id":46540,"path":"Canvas","assetBundleId":0,"components":[{"type":12,"id":46542,"data":[0.5,0.5,0.5,0.5,0.5,0.5,231.639999389648,231.639999389648,247,688,0,0,0,0,1,1,1,1]},{"type":17,"id":46550,"data":[1]},{"type":14,"id":46548,"enabled":1,"class":18,"data":[11,20856,0,0,1,4,1,1,0,0,1,null,null,1,1,1,1,1,0,0,0,0,0]},{"type":21,"id":46546,"data":[null,null,null,null,0,1,0,[],1]},{"type":13,"id":46544,"data":[1,100,100,0,2,6,"Default",104,1,null,null,1,0,0,0]}],"children":[],"data":["Hand",0,0,0,5]}],"data":["MainPanel2",0,0,0,5]},{"id":46630,"path":"Canvas","assetBundleId":0,"components":[{"type":12,"id":46632,"data":[0.5,0.5,1,0.5,1,0.5,1080,389.149993896484,-540,740,0,0,0,0,1,1,1,1]},{"type":17,"id":46636,"data":[1]},{"type":14,"id":46634,"enabled":1,"class":18,"data":[null,null,0,0,1,4,1,1,0,0,1,null,null,1,1,1,1,1,1,0,0,0,0]}],"children":[{"id":46668,"path":"Canvas","assetBundleId":0,"components":[{"type":12,"id":46670,"data":[0.5,0.5,0,0,1,1,-135.270004272461,-280.239990234375,-0.0001220703125,-155,0,0,0,0,1,1,1,1]},{"type":17,"id":46676,"data":[1]},{"type":14,"id":46674,"enabled":1,"class":18,"data":[11,702,1,0,1,4,1,1,0,0,1,null,null,1,0.396226406097412,0.396226406097412,0.396226406097412,0,0,0,0,0,0]},{"type":14,"id":46672,"enabled":1,"class":25,"data":[10,1,1,1,1,0,0,0,10,10,10,10,0]}],"children":[{"id":46486,"path":"Canvas","assetBundleId":0,"components":[{"type":12,"id":46488,"data":[0.5,0.5,0,1,0,1,457.364990234375,88.9100036621094,238.682495117188,-54.4550018310547,0,0,0,0,1,1,1,1]},{"type":17,"id":46492,"data":[1]},{"type":14,"id":46490,"enabled":1,"class":18,"data":[null,null,0,0,1,4,1,1,0,0,1,null,null,1,1,1,1,1,1,0,0,0,0]}],"children":[{"id":46466,"path":"Canvas","assetBundleId":0,"components":[{"type":12,"id":46468,"data":[0.5,0.5,0,1,0,1,416.910003662109,83.9800033569336,208.460006713867,-42,0,0,0,0,1,1,1,1]},{"type":17,"id":46474,"data":[1]},{"type":14,"id":46472,"enabled":1,"class":18,"data":[11,20870,0,0,1,4,1,1,0,0,1,null,null,1,1,1,1,1,1,0,0,0,0]},{"type":14,"id":46470,"enabled":1,"class":23,"data":[[[[]]],[3,0,null,null,null,null,null,null,null,null],1,[1,1,1,1,0.960784316062927,0.960784316062927,0.960784316062927,1,0.7843137383461,0.7843137383461,0.7843137383461,1,0.960784316062927,0.960784316062927,0.960784316062927,1,0.7843137383461,0.7843137383461,0.7843137383461,0.501960813999176,1,0.100000001490116],[null,null,null,null,null,null,null,null],["Normal","Highlighted","Pressed","Selected","Disabled"],1,18,46472]}],"children":[],"data":["TranscriptBtnBlue",0,0,0,5]},{"id":46374,"path":"Canvas","assetBundleId":0,"components":[{"type":12,"id":46376,"data":[0.5,0.5,0,1,0,1,400.390014648438,68.7119979858398,208.459991455078,-42.0000267028809,0,0,0,0,1,1,1,1]},{"type":17,"id":46382,"data":[1]},{"type":14,"id":46380,"enabled":1,"class":18,"data":[11,20858,0,0,1,4,1,1,0,0,1,null,null,1,1,1,1,1,1,0,0,0,0]},{"type":14,"id":46378,"enabled":1,"class":23,"data":[[[[]]],[3,0,null,null,null,null,null,null,null,null],1,[1,1,1,1,0.960784316062927,0.960784316062927,0.960784316062927,1,0.7843137383461,0.7843137383461,0.7843137383461,1,0.960784316062927,0.960784316062927,0.960784316062927,1,0.7843137383461,0.7843137383461,0.7843137383461,0.501960813999176,1,0.100000001490116],[null,null,null,null,null,null,null,null],["Normal","Highlighted","Pressed","Selected","Disabled"],1,18,46380]}],"children":[],"data":["TranscriptBtn",0,1,0,5]}],"data":["Btn1",0,1,0,5]},{"id":46752,"path":"Canvas","assetBundleId":0,"components":[{"type":12,"id":46754,"data":[0.5,0.5,0,1,0,1,457.364990234375,88.9100036621094,706.047485351563,-54.4550018310547,0,0,0,0,1,1,1,1]},{"type":17,"id":46758,"data":[1]},{"type":14,"id":46756,"enabled":1,"class":18,"data":[null,null,0,0,1,4,1,1,0,0,1,null,null,1,1,1,1,1,1,0,0,0,0]}],"children":[{"id":46716,"path":"Canvas","assetBundleId":0,"components":[{"type":12,"id":46718,"data":[0.5,0.5,0,1,0,1,400.390014648438,68.7119979858398,228.679992675781,-41.9900016784668,0,0,0,0,1,1,1,1]},{"type":17,"id":46724,"data":[1]},{"type":14,"id":46722,"enabled":1,"class":18,"data":[11,20884,0,0,1,4,1,1,0,0,1,null,null,1,1,1,1,1,1,0,0,0,0]},{"type":14,"id":46720,"enabled":1,"class":23,"data":[[[[]]],[3,0,null,null,null,null,null,null,null,null],1,[1,1,1,1,0.960784316062927,0.960784316062927,0.960784316062927,1,0.7843137383461,0.7843137383461,0.7843137383461,1,0.960784316062927,0.960784316062927,0.960784316062927,1,0.7843137383461,0.7843137383461,0.7843137383461,0.501960813999176,1,0.100000001490116],[null,null,null,null,null,null,null,null],["Normal","Highlighted","Pressed","Selected","Disabled"],1,18,46722]}],"children":[],"data":["SummaryBtn",0,0,0,5]},{"id":46620,"path":"Canvas","assetBundleId":0,"components":[{"type":12,"id":46622,"data":[0.5,0.5,0.5,0.5,0.5,0.5,415.609985351563,83.9820022583008,-0.00250239996239543,0.000990390777587891,0,0,0,0,1,1,1,1]},{"type":17,"id":46628,"data":[1]},{"type":14,"id":46626,"enabled":1,"class":18,"data":[11,20874,0,0,1,4,1,1,0,0,1,null,null,1,1,1,1,1,1,0,0,0,0]},{"type":14,"id":46624,"enabled":1,"class":23,"data":[[[[]]],[3,0,null,null,null,null,null,null,null,null],1,[1,1,1,1,0.960784316062927,0.960784316062927,0.960784316062927,1,0.7843137383461,0.7843137383461,0.7843137383461,1,0.960784316062927,0.960784316062927,0.960784316062927,1,0.7843137383461,0.7843137383461,0.7843137383461,0.501960813999176,1,0.100000001490116],[null,null,null,null,null,null,null,null],["Normal","Highlighted","Pressed","Selected","Disabled"],1,18,46626]}],"children":[],"data":["SummaryBtnBlue",0,1,0,5]}],"data":["Btn2",0,1,0,5]}],"data":["BtnPanel",0,1,0,5]},{"id":46704,"path":"Canvas","assetBundleId":0,"components":[{"type":12,"id":46706,"data":[0.5,0.5,0.5,0.5,0.5,0.5,189.610000610352,189.610000610352,-345.100006103516,86.9000015258789,0,0,0,0,1,1,1,1]},{"type":17,"id":46712,"data":[1]},{"type":14,"id":46710,"enabled":1,"class":18,"data":[11,20854,0,0,1,4,1,1,0,0,1,null,null,1,1,1,1,1,1,0,0,0,0]},{"type":14,"id":46708,"enabled":1,"class":23,"data":[[[[[24,46496,"GameManager, Assembly-CSharp","CTAClicked",1,[null,null,"UnityEngine.Object, UnityEngine",0,0,"",0],2]]]],[3,0,null,null,null,null,null,null,null,null],1,[1,1,1,1,0.960784316062927,0.960784316062927,0.960784316062927,1,0.7843137383461,0.7843137383461,0.7843137383461,1,0.960784316062927,0.960784316062927,0.960784316062927,1,0.7843137383461,0.7843137383461,0.7843137383461,0.501960813999176,1,0.100000001490116],[null,null,null,null,null,null,null,null],["Normal","Highlighted","Pressed","Selected","Disabled"],1,18,46710]},{"type":13,"id":46714,"data":[1,100,100,0,2,6,"Default",201,1,null,null,1,0,0,0]}],"children":[],"data":["Logo",0,1,0,5]}],"data":["Image",0,1,0,5]},{"id":46646,"path":"Canvas","assetBundleId":0,"components":[{"type":12,"id":46648,"data":[0.5,0.5,1,0.5,1,0.5,933.200012207031,545.02001953125,-521,220.839996337891,0,0,0,0,1,1,1,1]},{"type":17,"id":46652,"data":[1]},{"type":14,"id":46650,"enabled":1,"class":18,"data":[11,34280,0,0,1,4,1,1,0,0,1,null,null,1,1,1,1,1,1,0,0,0,0]}],"children":[],"data":["SumarrizeTxt",0,1,0,5]}],"data":["MaskA",0,0,0,5]},{"id":46638,"path":"Canvas","assetBundleId":0,"components":[{"type":1,"id":46644,"data":[9.3120002746582,0,305.280029296875,192,192,192,0,0,0,1]},{"type":14,"id":46642,"enabled":1,"class":29,"data":[null,null,1,10]},{"type":14,"id":46640,"enabled":1,"class":30,"data":["Horizontal","Vertical","Submit","Cancel",10,0.5,0,1]}],"children":[],"data":["EventSystem",0,1,0,0]}],"data":["Canvas",0,1,0,5]},{"id":46768,"path":"EndCanvas","assetBundleId":0,"components":[{"type":12,"id":46776,"data":[0,0,0,0,0,0,0,0,0,0,0,0,0,0,1,0,0,0]},{"type":13,"id":46774,"data":[1,100,100,0,1,6,"Default",299,1,2,46480,0,0,0,0]},{"type":14,"id":46772,"enabled":1,"class":15,"data":[1,100,1,1080,1920,0,1,3,96,96,1,0]},{"type":14,"id":46770,"enabled":1,"class":16,"data":[1,0,-1]},{"type":19,"id":46780,"data":[0,1,1,0,1]},{"type":4,"id":46778,"enabled":1,"class":20,"data":[19,46780,1,1,0,1,0.5,7]}],"children":[{"id":46574,"path":"EndCanvas","assetBundleId":0,"components":[{"type":12,"id":46576,"data":[0.5,0.5,0,0,1,1,0,0,0,0,0,0,0,0,1,1,1,1]},{"type":17,"id":46580,"data":[1]},{"type":14,"id":46578,"enabled":1,"class":18,"data":[11,20876,0,0,1,4,1,1,0,0,1,null,null,1,1,1,1,1,1,0,0,0,0]}],"children":[],"data":["MainPanel",0,1,0,5]},{"id":46660,"path":"EndCanvas","assetBundleId":0,"components":[{"type":12,"id":46662,"data":[0.5,0.5,0.5,0.5,0.5,0.5,385.239990234375,385.239990234375,0,505,0,0,0,0,1,1,1,1]},{"type":17,"id":46666,"data":[1]},{"type":14,"id":46664,"enabled":1,"class":18,"data":[11,20854,0,0,1,4,1,1,0,0,1,null,null,1,1,1,1,1,1,0,0,0,0]}],"children":[],"data":["Logo",0,1,0,5]},{"id":46760,"path":"EndCanvas","assetBundleId":0,"components":[{"type":12,"id":46762,"data":[0.5,0.5,0.5,0.5,0.5,0.5,663.150024414063,67.1699981689453,-0.0000152590000652708,221,0,0,0,0,1,1,1,1]},{"type":17,"id":46766,"data":[1]},{"type":14,"id":46764,"enabled":1,"class":18,"data":[11,20886,0,0,1,4,1,1,0,0,1,null,null,1,1,1,1,1,1,0,0,0,0]}],"children":[],"data":["Message1",0,1,0,5]},{"id":46408,"path":"EndCanvas","assetBundleId":0,"components":[{"type":12,"id":46410,"data":[0.5,0.5,0.5,0.5,0.5,0.5,753.52001953125,482.260009765625,0,-121.999984741211,0,0,0,0,1,1,1,1]},{"type":17,"id":46414,"data":[1]},{"type":14,"id":46412,"enabled":1,"class":18,"data":[11,20862,0,0,1,4,1,1,0,0,1,null,null,1,1,1,1,1,1,0,0,0,0]}],"children":[],"data":["Message2",0,1,0,5]},{"id":46518,"path":"EndCanvas","assetBundleId":0,"components":[{"type":12,"id":46520,"data":[0.5,0.5,0.5,0.5,0.5,0.5,592.039978027344,142.720001220703,-0.0000152590000652708,-568,0,0,0,0,1,1,1,1]},{"type":17,"id":46524,"data":[1]},{"type":14,"id":46522,"enabled":1,"class":18,"data":[11,20872,0,0,1,4,1,1,0,0,1,null,null,1,1,1,1,1,1,0,0,0,0]},{"type":4,"id":46526,"enabled":1,"class":31,"data":[1.10000002384186,1]}],"children":[],"data":["DownloadBtn",0,1,0,5]},{"id":46726,"path":"EndCanvas","assetBundleId":0,"components":[{"type":12,"id":46728,"data":[0.5,0.5,0,0,1,1,0,0,0,0,0,0,0,0,1,1,1,1]},{"type":17,"id":46734,"data":[1]},{"type":14,"id":46732,"enabled":1,"class":18,"data":[11,698,1,0,1,4,1,1,0,0,1,null,null,1,1,1,1,0,1,0,0,0,0]},{"type":14,"id":46730,"enabled":1,"class":23,"data":[[[[[24,46496,"GameManager, Assembly-CSharp","CTAClicked",1,[null,null,"UnityEngine.Object, UnityEngine",0,0,"",0],2]]]],[3,0,null,null,null,null,null,null,null,null],1,[1,1,1,1,0.960784316062927,0.960784316062927,0.960784316062927,1,0.7843137383461,0.7843137383461,0.7843137383461,1,0.960784316062927,0.960784316062927,0.960784316062927,1,0.7843137383461,0.7843137383461,0.7843137383461,0.501960813999176,1,0.100000001490116],[null,null,null,null,null,null,null,null],["Normal","Highlighted","Pressed","Selected","Disabled"],1,18,46732]}],"children":[],"data":["CTAClicked",0,1,0,5]}],"data":["EndCanvas",0,0,0,5]},{"id":46848,"path":"StartCanvasHandler","assetBundleId":0,"components":[{"type":12,"id":46844,"data":[0.5,0.5,0,0,0,0,1080,1920,0,0,90,0,0,0,1,0.00520833348855376,0.00520833348855376,0.00520833348855376]},{"type":13,"id":46874,"data":[1,100,100,0,1,5,"Default",500,1,2,46480,0,0,0,0]},{"type":14,"id":46860,"enabled":1,"class":15,"data":[1,100,1,1080,1920,0,1,3,96,96,1,0]},{"type":14,"id":46896,"enabled":1,"class":16,"data":[1,0,-1]}],"children":[{"id":46836,"path":"StartCanvasHandler","assetBundleId":0,"components":[{"type":12,"id":46834,"data":[0.5,0.5,0,0,1,1,0,0,0,0,0,0,0,-0.0713777840137482,0.997449398040771,1,1,1]},{"type":17,"id":46872,"data":[1]},{"type":14,"id":46878,"enabled":1,"class":18,"data":[11,698,1,0,1,4,1,1,0,0,1,null,null,1,1,1,1,0,1,0,0,0,0]},{"type":14,"id":46866,"enabled":1,"class":23,"data":[[[[]]],[3,0,null,null,null,null,null,null,null,null],1,[1,1,1,1,0.960784316062927,0.960784316062927,0.960784316062927,1,0.7843137383461,0.7843137383461,0.7843137383461,1,0.960784316062927,0.960784316062927,0.960784316062927,1,0.7843137383461,0.7843137383461,0.7843137383461,0.501960813999176,1,0.100000001490116],[null,null,null,null,null,null,null,null],["Normal","Highlighted","Pressed","Selected","Disabled"],1,18,46878]},{"type":13,"id":46882,"data":[1,100,100,0,1,6,"Default",500,1,2,46480,0,0,0,0]},{"type":14,"id":46890,"enabled":1,"class":16,"data":[1,0,-1]},{"type":4,"id":46618,"enabled":1,"class":32,"data":[]}],"children":[],"data":["Button",0,1,0,5]}],"data":["StartCanvasHandler",0,1,0,5]},{"id":46494,"path":"GameManager","assetBundleId":0,"components":[{"type":12,"id":46498,"data":[0.5,0.5,0.5,0.5,0.5,0.5,100,100,-1.01689672470093,3.96975421905518,-0.0452940799295902,0,0,0,1,1,1,1]},{"type":4,"id":46496,"enabled":1,"class":24,"data":[33,46768,0,33,46354,33,46552,0,32,46618,0,33,46870,33,46500,33,46736,33,46398,33,46792,33,46564,33,46416,33,46600,null,null,33,46500,33,46850,33,46440,33,46384,33,46822]}],"children":[],"data":["GameManager",0,1,0,0]}],"render_settings":{"data":[1,1,3,0.211999997496605,0.226999998092651,0.25900000333786,1,0.211999997496605,0.226999998092651,0.25900000333786,1,0.0469999983906746,0.0430000014603138,0.0350000001490116,1,0.114000000059605,0.125,0.133000001311302,1,0.5,0.5,0.5,1,300,0,0.00999999977648258,0,null,null,3,[],[[574,0],[574,0],[574,0],[574,0],[574,0],[574,0]],1,2,1,[0.03696759,0,0,0,0,0,0,0,0,0.04214946,0,0,0,0,0,0,0,0,0.05455384,0,0,0,0,0,0,0,0],[0,0,0,0,0,0,0,0,0,0,0,0,0,0,0,0,0,0,0,0,0,0,0,0,0,0,0],0,null,null,null,null,0,128,0,4,0,0,1]},"shaders":[48,32,26,28,422]}],"scriptable-objects":[{"id":20226,"path":"Assets/TextMesh Pro/Resources/Sprite Assets/EmojiOne.asset","name":"EmojiOne","assetBundleId":-1,"class":39,"data":[-1836805472,10,21106,0,34,21108,[["Smiling face with smiling eyes",-1318250903,128522,0.5,0.5,null,null,0,0,384,128,128,0,115.599998474121,128,1],["1f60b",57188339,128523,0.5,0.5,null,null,1,128,384,128,128,0,115.599998474121,128,1],["1f60d",57188341,128525,0.5,0.5,null,null,2,256,384,128,128,0,115.599998474121,128,1],["1f60e",57188340,128526,0.5,0.5,null,null,3,384,384,128,128,0,115.599998474121,128,1],["Grinning face",-95541379,128512,0.5,0.5,null,null,4,0,256,128,128,0,115.599998474121,128,1],["1f601",57188256,128513,0.5,0.5,null,null,5,128,256,128,128,0,115.599998474121,128,1],["Face with tears of joy",239522663,128514,0.5,0.5,null,null,6,256,256,128,128,0,115.599998474121,128,1],["1f603",57188258,128515,0.5,0.5,null,null,7,384,256,128,128,0,115.599998474121,128,1],["1f604",57188261,128516,0.5,0.5,null,null,8,0,128,128,128,0,115.599998474121,128,1],["1f605",57188260,128517,0.5,0.5,null,null,9,128,128,128,128,0,115.599998474121,128,1],["1f606",57188263,128518,0.5,0.5,null,null,10,256,128,128,128,0,115.599998474121,128,1],["1f609",57188264,128521,0.5,0.5,null,null,11,384,128,128,128,0,115.599998474121,128,1],["1f618",57188168,128536,0.5,0.5,null,null,12,0,0,128,128,0,115.599998474121,128,1],["1f923",57200239,129315,0.5,0.5,null,null,13,128,0,128,128,0,115.599998474121,128,1],["263a",1748406,9786,0.5,0.5,null,null,14,256,0,128,128,0,115.599998474121,128,1],["2639",1748462,9785,0.5,0.5,null,null,15,384,0,128,128,0,115.599998474121,128,1]],[],"1.1.0",[0,"","",0,0,0,0,0,0,0,0,0,0,0,0,0,0,0,0,0,0],[["Smiling face with smiling eyes",-1318250903,2,128522,0,1],["1f60b",57188339,2,128523,1,1],["1f60d",57188341,2,128525,2,1],["1f60e",57188340,2,128526,3,1],["Grinning face",-95541379,2,128512,4,1],["1f601",57188256,2,128513,5,1],["Face with tears of joy",239522663,2,128514,6,1],["1f603",57188258,2,128515,7,1],["1f604",57188261,2,128516,8,1],["1f605",57188260,2,128517,9,1],["1f606",57188263,2,128518,10,1],["1f609",57188264,2,128521,11,1],[".notdef",-600915428,2,0,12,1],["1f923",57200239,2,129315,13,1],["263a",1748406,2,9786,14,1],["2639",1748462,2,9785,15,1]],[[null,null,0,[128,128,0,115.599998474121,128],[0,384,128,128],1,0,0],[null,null,1,[128,128,0,115.599998474121,128],[128,384,128,128],1,0,0],[null,null,2,[128,128,0,115.599998474121,128],[256,384,128,128],1,0,0],[null,null,3,[128,128,0,115.599998474121,128],[384,384,128,128],1,0,0],[null,null,4,[128,128,0,115.599998474121,128],[0,256,128,128],1,0,0],[null,null,5,[128,128,0,115.599998474121,128],[128,256,128,128],1,0,0],[null,null,6,[128,128,0,115.599998474121,128],[256,256,128,128],1,0,0],[null,null,7,[128,128,0,115.599998474121,128],[384,256,128,128],1,0,0],[null,null,8,[128,128,0,115.599998474121,128],[0,128,128,128],1,0,0],[null,null,9,[128,128,0,115.599998474121,128],[128,128,128,128],1,0,0],[null,null,10,[128,128,0,115.599998474121,128],[256,128,128,128],1,0,0],[null,null,11,[128,128,0,115.599998474121,128],[384,128,128,128],1,0,0],[null,null,12,[128,128,0,115.599998474121,128],[0,0,128,128],1,0,0],[null,null,13,[128,128,0,115.599998474121,128],[128,0,128,128],1,0,0],[null,null,14,[128,128,0,115.599998474121,128],[256,0,128,128],1,0,0],[null,null,15,[128,128,0,115.599998474121,128],[384,0,128,128],1,0,0]]]},{"id":20262,"path":"Assets/TextMesh Pro/Resources/Style Sheets/Default Style Sheet.asset","name":"Default Style Sheet","assetBundleId":-1,"class":40,"data":[[["H1",2425,"<size=2em><b><#40ff80>*","*</size></b></color>",[60,115,105,122,101,61,50,101,109,62,60,98,62,60,35,52,48,102,102,56,48,62,42],[42,60,47,115,105,122,101,62,60,47,98,62,60,47,99,111,108,111,114,62],[],[]],["Quote",92254330,"<i><size=75%><margin=10%>","</i></size></width></margin>",[60,105,62,60,115,105,122,101,61,55,53,37,62,60,109,97,114,103,105,110,61,49,48,37,62],[60,47,105,62,60,47,115,105,122,101,62,60,47,119,105,100,116,104,62,60,47,109,97,114,103,105,110,62],[],[]],["Link",2687968,"<u><#40a0ff><link=\"ID_01\">","</u></color></link>",[60,117,62,60,35,52,48,97,48,102,102,62,60,108,105,110,107,61,34,73,68,95,48,49,34,62],[60,47,117,62,60,47,99,111,108,111,114,62,60,47,108,105,110,107,62],[],[]],["Title",98732960,"<size=125%><b><align=center>","</size></b></align>",[60,115,105,122,101,61,49,50,53,37,62,60,98,62,60,97,108,105,103,110,61,99,101,110,116,101,114,62],[60,47,115,105,122,101,62,60,47,98,62,60,47,97,108,105,103,110,62],[],[]],["H2",2426,"<size=1.5em><b><#4080FF>","</size></b></color>",[60,115,105,122,101,61,49,46,53,101,109,62,60,98,62,60,35,52,48,56,48,70,70,62],[60,47,115,105,122,101,62,60,47,98,62,60,47,99,111,108,111,114,62],[],[]],["H3",2427,"<size=1.17em><b><#FF8040>","</size></b></color>",[60,115,105,122,101,61,49,46,49,55,101,109,62,60,98,62,60,35,70,70,56,48,52,48,62],[60,47,115,105,122,101,62,60,47,98,62,60,47,99,111,108,111,114,62],[],[]],["C1",2194,"<color=#ffff40>","</color>",[60,99,111,108,111,114,61,35,102,102,102,102,52,48,62],[60,47,99,111,108,111,114,62],[],[]],["C2",2193,"<color=#ff40FF><size=125%>","</color></size>",[60,99,111,108,111,114,61,35,102,102,52,48,70,70,62,60,115,105,122,101,61,49,50,53,37,62],[60,47,99,111,108,111,114,62,60,47,115,105,122,101,62],[],[]],["C3",2192,"<color=#80A0FF><b>","</color></b>",[60,99,111,108,111,114,61,35,56,48,65,48,70,70,62,60,98,62],[60,47,99,111,108,111,114,62,60,47,98,62],[],[]]]]},{"id":20228,"path":"Assets/TextMesh Pro/Resources/TMP Settings.asset","name":"TMP Settings","assetBundleId":-1,"class":37,"data":[1,1,0,0,1,1,1,0,0,38,20252,"Fonts & Materials/",36,0.5,2,20,5,200,50,0,0,[],1,39,20226,"Sprite Assets/",1,0,"Color Gradient Presets/",40,20262,"",41,21008,41,21010,0]},{"id":20250,"path":"Assets/Resources/DOTweenSettings.asset","name":"DOTweenSettings","assetBundleId":-1,"class":36,"data":[1,[2,0],1,1,0,0.150000005960464,0,0,0,1,0,3,0,0,6,1.70158004760742,0,1,0,0,1,1,0,[0,1,1,1,1,1,0,0,0,0,0],0,0,0]},{"id":20260,"path":"Assets/Scripts/AudioManager/Library/AudioLibrary.asset","name":"AudioLibrary","assetBundleId":-1,"class":8,"data":[[["OnClick",1,35,20890,0.398999989032745,0],["OnDrag",1,35,20892,0.481000006198883,0],["OnZoom",0,35,20894,0.481000006198883,0],["OnZoomShort",0,35,20896,0.481000006198883,0]]]}],"shaders":[{"id":32,"assetBundleId":-1,"data":[[],"Hidden/InternalErrorShader",null,[],[[0,0,"",0,"",0,[4,null],[1,null],[2,null],[[1,null],[0,null],[0,null]],[[1,null],[0,null],[0,null]],[15,null],[0,null],[0,null],[0,null],[255,null],[255,null],[[0,null],[0,null],[0,null],[8,null]],[[0,null],[0,null],[0,null],[8,null]],[[0,null],[0,null],[0,null],[8,null]],[],[],[],[],[],0],[1,0,"DepthNormalsOnly",0,"",0,[4,null],[1,null],[2,null],[[1,null],[0,null],[0,null]],[[1,null],[0,null],[0,null]],[0,null],[0,null],[0,null],[0,null],[255,null],[255,null],[[0,null],[0,null],[0,null],[8,null]],[[0,null],[0,null],[0,null],[8,null]],[[0,null],[0,null],[0,null],[8,null]],[["LIGHTMODE","DepthNormalsOnly"]],[],[],[],[],0],[2,0,"DepthOnly",13,"",0,[4,null],[1,null],[2,null],[[1,null],[0,null],[0,null]],[[1,null],[0,null],[0,null]],[0,null],[0,null],[0,null],[0,null],[255,null],[255,null],[[0,null],[0,null],[0,null],[8,null]],[[0,null],[0,null],[0,null],[8,null]],[[0,null],[0,null],[0,null],[8,null]],[["LIGHTMODE","DepthOnly"]],[],[],[],[],0]],[],[],null,null,0,0,0]},{"id":422,"assetBundleId":-1,"data":[[],"TextMeshPro/Sprite",null,["UNITY_UI_ALPHACLIP","UNITY_UI_CLIP_RECT","STEREO_CUBEMAP_RENDER_ON","STEREO_INSTANCING_ON","STEREO_MULTIVIEW_ON","UNITY_SINGLE_PASS_STEREO","__"],[[0,0,"Default",0,"",0,[0,"unity_GUIZTestMode"],[0,null],[0,"_CullMode"],[[5,null],[10,null],[0,null]],[[5,null],[10,null],[0,null]],[0,"_ColorMask"],[0,null],[0,null],[0,"_Stencil"],[0,"_StencilReadMask"],[0,"_StencilWriteMask"],[[0,"_StencilOp"],[0,null],[0,null],[0,"_StencilComp"]],[[0,null],[0,null],[0,null],[8,null]],[[0,null],[0,null],[0,null],[8,null]],[["CanUseSpriteAtlas","true"],["IGNOREPROJECTOR","true"],["PreviewType","Plane"],["QUEUE","Transparent"],["RenderType","Transparent"]],["STEREO_CUBEMAP_RENDER_ON","STEREO_INSTANCING_ON","STEREO_MULTIVIEW_ON","UNITY_SINGLE_PASS_STEREO","UNITY_UI_ALPHACLIP","UNITY_UI_CLIP_RECT","__"],[],[],[],0]],[],[["_MainTex",4,0,0,0,0,"white",2],["_Color",0,1,1,1,1,"",0],["_StencilComp",2,8,0,0,0,"",0],["_Stencil",2,0,0,0,0,"",0],["_StencilOp",2,0,0,0,0,"",0],["_StencilWriteMask",2,255,0,0,0,"",0],["_StencilReadMask",2,255,0,0,0,"",0],["_CullMode",2,0,0,0,0,"",0],["_ColorMask",2,15,0,0,0,"",0],["_ClipRect",1,-32767,-32767,32767,32767,"",0],["_UseUIAlphaClip",2,0,0,0,0,"",0]],null,null,0,0,0]}],"sprites":[{"id":20862,"path":"Assets/Textures/Text.png","assetBundleId":-1,"data":["Text",34,20906,[0,0,0,1.170838,0.7493365,0],[-1.170838,0.7493365,0,0,1,1.170838,-0.7493365,0,1,0,1.170838,0.7493365,0,1,1,-1.170838,-0.7493365,0,0,0],[3,0,1,2,1,0],0,0,1,1,0,0,1,1,0,0,0,0,[0,0,0,0],[-1.170838,-0.7493365,1.170838,0.7493365],192.169998168945,450,288,450,288,225,144,0,0]},{"id":20858,"path":"Assets/Textures/Transcript - Inactive.png","assetBundleId":-1,"data":["Transcript - Inactive",34,20902,[0,0,0,0.4605297,0.08325961,0],[0.3148254,0.07285216,0,0.8418079,0.9375,0.3096217,0.04162981,0,0.8361582,0.75,0.3148254,0.05724099,0,0.8418079,0.84375,0.304418,0.08325961,0,0.8305085,1,0.3096217,-0.05724099,0,0.8361582,0.15625,0.07545403,0.08325961,0,0.5819209,1,-0.03902794,0.06764844,0,0.4576271,0.90625,-0.03902794,-0.05724099,0,0.4576271,0.15625,0.455326,0.07285216,0,0.9943503,0.9375,0.4605297,-0.07285216,0,1,0.0625,0.4605297,0.06244471,0,1,0.875,0.3928813,-0.08325961,0,0.9265537,0,0.3772701,0.07285216,0,0.9096045,0.9375,0.3148254,-0.05203726,0,0.8418079,0.1875,0.3096217,-0.08325961,0,0.8361582,0,-0.05463912,0.07285216,0,0.440678,0.9375,-0.2367695,-0.05724099,0,0.2429378,0.15625,-0.2575844,0.07285216,0,0.220339,0.9375,-0.2679919,0.06244471,0,0.2090396,0.875,-0.2679919,0.02601863,0,0.2090396,0.65625,-0.2940105,0.06244471,0,0.180791,0.875,-0.2992142,-0.07285216,0,0.1751412,0.0625,-0.2940105,-0.05724099,0,0.180791,0.15625,-0.3096217,0.08325961,0,0.1638418,1,-0.3200291,-0.08325961,0,0.1525424,0,-0.3304366,0.05724099,0,0.1412429,0.84375,-0.4241036,0.05724099,0,0.03954802,0.84375,-0.4293074,0.04162981,0,0.03389831,0.75,-0.4605297,0.08325961,0,0,1,-0.4293074,0.01040745,0,0.03389831,0.5625,-0.3304366,0,0,0.1412429,0.5,-0.3356403,-0.02601863,0,0.1355932,0.34375,-0.3512515,-0.04683353,0,0.1186441,0.21875,-0.4084925,-0.04683353,0,0.05649718,0.21875,-0.4605297,-0.08325961,0,0,0],[29,27,33,26,33,27,25,33,26,32,33,25,31,32,25,30,31,25,28,33,34,24,34,33,29,33,28,32,24,33,31,24,32,30,24,31,25,24,30,23,26,28,27,28,26,29,28,27,25,26,23,24,25,23,21,24,23,20,21,23,22,21,20,19,18,16,17,16,18,15,16,17,7,16,15,6,7,15,4,1,13,2,13,1,14,4,11,13,11,4,2,11,13,12,11,2,8,11,12,9,11,8,10,9,8,7,6,4,5,4,6,3,4,5,1,4,3,0,1,3,2,1,0],0,0,1,1,0,0,1,1,0,0,0,0,[0,0,0,0],[-0.4605297,-0.08325961,0.4605297,0.08325961],192.169998168945,177,32,177,32,88.5,16,0,0]},{"id":20854,"path":"Assets/Textures/Icon.png","assetBundleId":-1,"data":["Icon",34,20898,[0,0,0,0.2601863,0.2601863,0],[-0.2289639,0.2601863,0,0.06,1,0.2601863,-0.2601863,0,1,3.814697e-8,0.2601863,0.2601863,0,1,1,-0.2601863,0.2237602,0,3.814697e-8,0.93,-0.2601863,-0.2601863,0,3.814697e-8,3.814697e-8],[4,3,1,0,1,3,2,1,0],3.81469718035987e-8,3.81469718035987e-8,1,1,3.81469718035987e-8,3.81469718035987e-8,1,1,0,0,0,0,[0,0,0,0],[-0.2601863,-0.2601863,0.2601863,0.2601863],192.169998168945,100,100,100,100,50,50,0,0]},{"id":20860,"path":"Assets/Textures/Tap to summarize - text.png","assetBundleId":-1,"data":["Tap to summarize - text",34,20904,[0,0,0,2.22,0.27,0],[-1.31,0.18,0,0.204955,0.8333333,-1.37,-0.27,0,0.1914414,-3.532127e-8,-1.31,-0.13,0,0.204955,0.2592593,-1.64,0.18,0,0.1306306,0.8333333,-1.65,0.15,0,0.1283784,0.7777778,-1.65,-0.27,0,0.1283784,-3.532127e-8,-0.69,0.12,0,0.3445946,0.7222222,-0.71,-0.11,0,0.3400901,0.2962963,-0.69,-0.06,0,0.3445946,0.3888889,-0.75,-0.16,0,0.3310811,0.2037037,-0.84,0.23,0,0.3108108,0.9259259,-0.93,0.24,0,0.2905405,0.9444444,-1.15,-0.16,0,0.240991,0.2037037,-1.19,0.24,0,0.231982,0.9444444,-1.2,-0.09,0,0.2297297,0.3333333,-1.21,0.21,0,0.2274775,0.8888889,-1.21,-0.06,0,0.2274775,0.3888889,-0.31,0.12,0,0.4301802,0.7222222,-0.31,-0.12,0,0.4301802,0.2777778,-0.31,-0.1,0,0.4301802,0.3148148,-0.33,-0.16,0,0.4256757,0.2037037,-0.35,0.18,0,0.4211712,0.8333333,-0.51,-0.16,0,0.3851351,0.2037037,-0.53,0.18,0,0.3806306,0.8333333,-0.58,0.11,0,0.3693694,0.7037037,-0.58,-0.1,0,0.3693694,0.3148148,-0.11,0.17,0,0.4752252,0.8148148,0,-0.16,0,0.5,0.2037037,0,0.17,0,0.5,0.8148148,-0.12,0.15,0,0.472973,0.7777778,-0.19,0.17,0,0.4572072,0.8148148,-0.24,-0.16,0,0.4459459,0.2037037,-0.31,0.17,0,0.4301802,0.8148148,0.55,0.18,0,0.6238739,0.8333333,1.37,-0.16,0,0.8085586,0.2037037,1.37,0.18,0,0.8085586,0.8333333,0.53,0.17,0,0.6193694,0.8148148,0.53,0.1,0,0.6193694,0.6851852,0.53,-0.15,0,0.6193694,0.2222222,0.53,-0.16,0,0.6193694,0.2037037,-1.99,-0.09,0,0.0518018,0.3333333,-2,-0.08,0,0.04954955,0.3518519,-2.01,-0.15,0,0.0472973,0.2222222,-1.93,0.17,0,0.06531531,0.8148148,-1.93,0.15,0,0.06531531,0.7777778,-2,0.12,0,0.04954955,0.7222222,-1.93,0.24,0,0.06531531,0.9444444,-2.19,-0.15,0,0.006756757,0.2222222,-2.22,0.24,0,0,0.9444444,-2.22,0.02,0,0,0.537037,-1.66,0.18,0,0.1261261,0.8333333,-1.67,-0.16,0,0.1238739,0.2037037,-1.66,-0.15,0,0.1261261,0.2222222,-1.91,-0.16,0,0.06981982,0.2037037,-1.92,0.18,0,0.06756756,0.8333333,0.5,0.17,0,0.6126126,0.8148148,0.02,0.17,0,0.5045045,0.8148148,0.02,-0.15,0,0.5045045,0.2222222,1.7,0.27,0,0.8828829,1,1.69,0.16,0,0.8806306,0.7962963,1.7,0.18,0,0.8828829,0.8333333,1.51,0.27,0,0.8400901,1,1.69,-0.15,0,0.8806306,0.2222222,1.38,0.21,0,0.8108108,0.8888889,1.38,-0.15,0,0.8108108,0.2222222,2.17,0.18,0,0.9887387,0.8333333,2.22,-0.11,0,1,0.2962963,2.22,0.14,0,1,0.7592593,2.15,-0.16,0,0.9842342,0.2037037,1.7,-0.15,0,0.8828829,0.2222222,1.69,-0.16,0,0.8806306,0.2037037],[62,59,69,60,69,59,70,62,68,69,68,62,60,68,69,65,68,60,66,68,65,67,66,65,64,63,62,61,62,63,59,62,61,58,59,61,60,59,58,57,56,38,55,38,56,37,38,55,40,44,53,43,53,44,54,53,43,50,53,54,51,53,50,52,51,50,49,48,47,46,47,48,45,47,46,42,47,45,41,42,45,43,45,46,41,45,40,43,40,45,44,40,43,42,41,40,39,38,34,37,34,38,36,34,37,33,34,36,35,34,33,19,17,31,32,31,17,30,31,32,27,31,30,29,27,30,26,27,29,28,27,26,25,24,22,23,22,24,21,22,23,20,22,21,17,20,21,18,20,17,19,18,17,16,15,14,13,14,15,12,14,13,11,12,13,9,12,11,10,9,11,6,9,10,7,9,6,8,7,6,5,4,1,3,1,4,0,1,3,2,1,0],0,-3.53212712411732e-8,1,0.999999940395355,0,-3.53212712411732e-8,1,0.999999940395355,0,0,0,0,[0,0,0,0],[-2.22,-0.27,2.22,0.27],100,444,54,444,54,222,27,0,0]},{"id":20864,"path":"Assets/Textures/BGWhite.png","assetBundleId":-1,"data":["BGWhite",34,20908,[0,0,0,2.810012,4.995577,0],[-2.810012,4.995577,0,0,1,2.810012,-4.995577,0,1,0,2.810012,4.995577,0,1,1,-2.810012,-4.995577,0,0,0],[3,0,1,2,1,0],0,0,1,1,0,0,1,1,0,0,0,0,[0,0,0,0],[-2.810012,-4.995577,2.810012,4.995577],192.169998168945,1080,1920,1080,1920,540,960,0,0]},{"id":20856,"path":"Assets/Textures/hand.png","assetBundleId":-1,"data":["hand",34,20900,[0,0,0,0.5203726,0.702503,0],[0.4058906,0.09887079,0,0.89,0.5703704,0.5203726,-0.551595,0,1,0.1074074,0.5203726,-0.3174273,0,1,0.2740741,0.3174273,-0.702503,0,0.805,0,0.2029453,0.379872,0,0.695,0.7703704,0.1092782,-0.702503,0,0.605,0,0.09887079,-0.6972993,0,0.595,0.003703704,-0.3382422,-0.07805589,0,0.175,0.4444444,-0.3434459,0.702503,0,0.17,1,-0.5203726,0.702503,0,3.814697e-8,1,-0.5203726,0.4579279,0,3.814697e-8,0.8259259],[10,9,7,8,7,9,4,7,8,6,7,4,5,6,4,3,5,4,0,3,4,1,3,0,2,1,0],3.81469718035987e-8,0,1,1,3.81469718035987e-8,0,1,1,0,0,0,0,[0,0,0,0],[-0.5203726,-0.702503,0.5203726,0.702503],192.169998168945,200,270,200,270,100,135,0,0]},{"id":20866,"path":"Assets/Textures/hexasort-arrow.png","assetBundleId":-1,"data":["hexasort-arrow",34,20910,[-0.004999995,0,0,1.715,5.18,0],[1.71,3.61,0,0.95,0.8355018,1.7,3.41,0,0.9473684,0.8169145,1.71,3.46,0,0.95,0.8215613,1.64,3.76,0,0.9315789,0.8494424,1.64,3.3,0,0.9315789,0.8066915,1.57,3.24,0,0.9131579,0.8011152,1.53,3.91,0,0.9026316,0.8633829,1.46,3.18,0,0.8842105,0.795539,1.45,4,0,0.8815789,0.8717472,1.37,3.16,0,0.8605263,0.7936803,1.22,4.24,0,0.8210526,0.894052,1.2,4.24,0,0.8157895,0.894052,0.97,4.46,0,0.7552631,0.9144982,0.82,3.16,0,0.7157895,0.7936803,0.81,3.15,0,0.7131579,0.792751,0.78,4.64,0,0.7052631,0.9312268,0.76,3.12,0,0.7,0.7899628,0.75,4.67,0,0.6973684,0.9340149,0.76,-4.61,0,0.7,0.07156134,0.75,-4.62,0,0.6973684,0.07063197,0.75,-5.15,0,0.6973684,0.02137546,0.71,-5.18,0,0.6868421,0.01858736,0.69,4.72,0,0.6815789,0.9386617,0.62,4.77,0,0.6631579,0.9433085,0.57,-5.18,0,0.65,0.01858736,0.52,-5.17,0,0.6368421,0.01951673,0.51,4.86,0,0.6342105,0.9516729,0.46,-5.18,0,0.6210526,0.01858736,0.36,-5.18,0,0.5947368,0.01858736,0.34,5.03,0,0.5894737,0.9674721,0.31,-5.17,0,0.581579,0.01951673,0.27,5.08,0,0.5710526,0.972119,0.19,-5.18,0,0.55,0.01858736,0.16,5.15,0,0.5421053,0.9786245,0.13,-5.18,0,0.5342105,0.01858736,0.1,5.18,0,0.5263158,0.9814126,0.09,-5.17,0,0.5236842,0.01951673,-0.11,5.18,0,0.4710526,0.9814126,-0.19,5.14,0,0.45,0.9776952,-0.2,-5.17,0,0.4473684,0.01951673,-0.29,5.08,0,0.4236842,0.972119,-0.29,-5.18,0,0.4236842,0.01858736,-0.34,-5.17,0,0.4105263,0.01951673,-0.55,4.83,0,0.3552631,0.9488848,-0.56,4.83,0,0.3526316,0.9488848,-0.58,-5.17,0,0.3473684,0.01951673,-0.69,4.73,0,0.3184211,0.9395911,-0.75,-5.16,0,0.3026316,0.0204461,-0.76,-5.13,0,0.3,0.0232342,-0.77,3.12,0,0.2973684,0.7899628,-0.83,3.16,0,0.281579,0.7936803,-0.86,4.57,0,0.2736842,0.9247212,-1.05,4.41,0,0.2236842,0.9098513,-1.17,4.3,0,0.1921053,0.8996283,-1.4,4.07,0,0.131579,0.8782528,-1.44,3.16,0,0.1210526,0.7936803,-1.5,3.19,0,0.1052632,0.7964684,-1.52,3.94,0,0.1,0.866171,-1.57,3.23,0,0.0868421,0.8001859,-1.59,3.85,0,0.08157895,0.8578067,-1.64,3.78,0,0.06842105,0.8513011,-1.65,3.3,0,0.06578948,0.8066915,-1.7,3.67,0,0.05263158,0.841078,-1.7,3.39,0,0.05263158,0.8150558,-1.72,3.61,0,0.04736842,0.8355018,-1.72,3.46,0,0.04736842,0.8215613,-0.77,-4.9,0,0.2973684,0.04460967],[66,49,48,65,64,63,62,63,64,61,63,62,60,61,62,58,61,60,59,58,60,57,58,59,56,58,57,54,56,57,55,56,54,50,55,54,53,50,54,52,50,53,51,50,52,46,50,51,49,50,46,48,49,46,47,48,46,45,47,46,44,45,46,42,45,44,43,42,44,40,42,43,41,42,40,39,41,40,38,39,40,36,39,38,37,36,38,35,36,37,34,36,35,33,34,35,32,34,33,31,32,33,30,32,31,29,30,31,28,30,29,26,28,29,27,28,26,25,27,26,23,25,26,24,25,23,21,24,23,22,21,23,17,21,22,20,21,17,19,20,17,18,19,17,16,18,17,15,16,17,14,16,15,12,14,15,13,14,12,9,13,12,11,9,12,10,9,11,8,9,10,7,9,8,6,7,8,5,7,6,3,5,6,4,5,3,1,4,3,0,1,3,2,1,0],-0.0000703951227478683,-0.0000120011336548487,0.99992960691452,0.9999880194664,0.0473684221506119,0.0185873601585627,0.949999988079071,0.981412649154663,0,0,0,0,[0,0,0,0],[-1.9,-5.38,1.9,5.38],100,380,1076,380,1076,190,538,18.0267505645752,20.0129127502441]},{"id":20868,"path":"Assets/Textures/Transcribe Audio.png","assetBundleId":-1,"data":["Transcribe Audio",34,20912,[0,0,0,2.4,0.55,0],[2.35,0.32,0,0.9895833,0.7909091,2.4,-0.19,0,1,0.3272727,2.4,0.18,0,1,0.6636364,2.35,-0.32,0,0.9895833,0.2090909,2.21,-0.46,0,0.9604167,0.08181818,2.18,0.5,0,0.9541667,0.9545454,2.17,-0.49,0,0.9520833,0.05454545,2.06,-0.54,0,0.9291667,0.009090874,2.03,0.55,0,0.9229167,1,2.03,-0.55,0,0.9229167,0,-2.03,0.55,0,0.07708333,1,-2.03,-0.55,0,0.07708333,0,-2.06,-0.54,0,0.07083333,0.009090874,-2.17,0.5,0,0.04791667,0.9545454,-2.17,-0.49,0,0.04791667,0.05454545,-2.31,-0.36,0,0.01875,0.1727273,-2.34,-0.32,0,0.01250003,0.2090909,-2.35,0.33,0,0.0104167,0.8,-2.4,0.18,0,-3.178915e-8,0.6636364,-2.4,-0.19,0,-3.178915e-8,0.3272727],[19,18,16,17,16,18,13,16,17,15,16,13,14,15,13,12,14,13,10,12,13,11,12,10,9,11,10,8,9,10,7,9,8,5,7,8,6,7,5,4,6,5,0,4,5,3,4,0,1,3,0,2,1,0],-3.17891455381414e-8,0,0.999999940395355,1,-3.17891455381414e-8,0,0.999999940395355,1,0,0,0,0,[0,0,0,0],[-2.4,-0.55,2.4,0.55],100,480,110,480,110,240,55,0,0]},{"id":20870,"path":"Assets/Textures/Transcript - Active.png","assetBundleId":-1,"data":["Transcript - Active",34,20914,[0,0,0,0.910652,0.1587136,0],[0.8898371,0.1587136,0,0.9885714,1,0.910652,-0.132695,0,1,0.08196724,0.910652,0.1378987,0,1,0.9344262,0.8846334,-0.1587136,0,0.9857143,0,-0.8898371,0.1587136,0,0.01142857,1,-0.8898371,-0.1587136,0,0.01142857,0,-0.910652,0.1431025,0,0,0.9508197,-0.910652,-0.1431025,0,0,0.04918033],[7,6,5,4,5,6,3,5,4,0,3,4,1,3,0,2,1,0],0,0,1,1,0,0,1,1,0,0,0,0,[0,0,0,0],[-0.910652,-0.1587136,0.910652,0.1587136],192.169998168945,350,61,350,61,175,30.5,0,0]},{"id":20874,"path":"Assets/Textures/Summary - Active.png","assetBundleId":-1,"data":["Summary - Active",34,20918,[0,0,0,0.910652,0.1587136,0],[0.8898371,0.1587136,0,0.9885714,1,0.910652,-0.1378987,0,1,0.06557374,0.910652,0.1431025,0,1,0.9508197,0.8846334,-0.1587136,0,0.9857143,0,-0.8950409,0.1587136,0,0.008571428,1,-0.8950409,-0.1587136,0,0.008571428,0,-0.910652,0.1483062,0,0,0.9672131,-0.910652,-0.1431025,0,0,0.04918033],[7,6,5,4,5,6,3,5,4,0,3,4,1,3,0,2,1,0],0,0,1,1,0,0,1,1,0,0,0,0,[0,0,0,0],[-0.910652,-0.1587136,0.910652,0.1587136],192.169998168945,350,61,350,61,175,30.5,0,0]},{"id":20876,"path":"Assets/Textures/Fill.png","assetBundleId":-1,"data":["Fill",34,20920,[0,0,0,5.203726,5.203726,0],[-5.203726,5.203726,0,0,1,5.203726,-5.203726,0,1,0,5.203726,5.203726,0,1,1,-5.203726,-5.203726,0,0,0],[3,0,1,2,1,0],0,0,1,1,0,0,1,1,0,0,0,0,[0,0,0,0],[-5.203726,-5.203726,5.203726,5.203726],192.169998168945,2000,2000,2000,2000,1000,1000,0,0]},{"id":20872,"path":"Assets/Textures/Download.png","assetBundleId":-1,"data":["Download",34,20916,[0,0,0,0.874226,0.2107509,0],[0.816985,0.2107509,0,0.9672619,1,0.874226,-0.1170838,0,1,0.2222222,0.874226,0.1118801,0,1,0.7654321,0.8117812,-0.2003434,0,0.9642857,0.02469136,0.7753552,-0.2107509,0,0.9434524,0,-0.7649477,-0.2107509,0,0.0625,0,-0.7701514,0.2107509,0,0.05952381,1,-0.8117812,-0.189936,0,0.03571429,0.04938272,-0.8690223,0.1535099,0,0.002976191,0.8641976,-0.874226,0.132695,0,0,0.8148148,-0.874226,-0.1222876,0,0,0.2098765],[10,9,7,8,7,9,6,7,8,5,7,6,0,5,6,4,5,0,3,4,0,1,3,0,2,1,0],0,0,1,1,0,0,1,1,0,0,0,0,[0,0,0,0],[-0.874226,-0.2107509,0.874226,0.2107509],192.169998168945,336,81,336,81,168,40.5,0,0]},{"id":20882,"path":"Assets/Textures/Tap to summarize - CTA.png","assetBundleId":-1,"data":["Tap to summarize - CTA",34,20926,[0,0,0,1.248894,0.2862049,0],[1.222876,0.1665192,0,0.9895833,0.7909091,1.248894,-0.09887079,0,1,0.3272727,1.248894,0.09366707,0,1,0.6636364,1.222876,-0.1665192,0,0.9895833,0.2090909,1.150023,-0.2393714,0,0.9604167,0.08181818,1.134412,0.2601863,0,0.9541667,0.9545454,1.129209,-0.2549826,0,0.9520833,0.05454545,1.071967,-0.2810012,0,0.9291667,0.009090874,1.056356,0.2862049,0,0.9229167,1,1.056356,-0.2862049,0,0.9229167,0,-1.056356,0.2862049,0,0.07708336,1,-1.056356,-0.2862049,0,0.07708336,0,-1.071967,-0.2810012,0,0.07083336,0.009090874,-1.129209,0.2601863,0,0.04791664,0.9545454,-1.129209,-0.2549826,0,0.04791664,0.05454545,-1.202061,-0.1873341,0,0.01875,0.1727273,-1.217672,-0.1665192,0,0.0125,0.2090909,-1.222876,0.1717229,0,0.01041667,0.8,-1.248894,0.09366707,0,0,0.6636364,-1.248894,-0.09887079,0,0,0.3272727],[19,18,16,17,16,18,13,16,17,15,16,13,14,15,13,12,14,13,10,12,13,11,12,10,9,11,10,8,9,10,7,9,8,5,7,8,6,7,5,4,6,5,0,4,5,3,4,0,1,3,0,2,1,0],0,0,1,1,0,0,1,1,0,0,0,0,[0,0,0,0],[-1.248894,-0.2862049,1.248894,0.2862049],192.169998168945,480,110,480,110,240,55,0,0]},{"id":20878,"path":"Assets/Textures/Transition.png","assetBundleId":-1,"data":["Transition",34,20922,[0,0,0,0.7250977,15,0],[0.02197266,-0.2050781,0,0.5151515,0.4931641,0.0366211,-1.230469,0,0.5252525,0.4589844,0.0366211,-0.2197266,0,0.5252525,0.4926758,0.02197266,-1.245117,0,0.5151515,0.4584961,-0.007324219,-1.245117,0,0.4949495,0.4584961,-0.02197266,-0.2050781,0,0.4848485,0.4931641,-0.0366211,-0.1904297,0,0.4747475,0.4936523,-0.0366211,-1.274414,0,0.4747475,0.4575195,-0.08056641,-0.1904297,0,0.4444444,0.4936523,-0.09521485,-0.1757813,0,0.4343434,0.4941406,-0.3442383,-0.1757813,0,0.2626263,0.4941406,-0.3588867,-0.1904297,0,0.2525252,0.4936523,-0.3881836,-1.274414,0,0.2323232,0.4575195,-0.4174805,-1.245117,0,0.2121212,0.4584961,-0.4467774,-0.2050781,0,0.1919192,0.4931641,-0.4467774,-1.245117,0,0.1919192,0.4584961,-0.4907227,-1.21582,0,0.1616162,0.4594727,-0.5493165,-0.2490235,0,0.1212121,0.4916992,-0.5639649,-0.2783203,0,0.1111111,0.4907227,-0.5786133,-0.2783203,0,0.1010101,0.4907227,-0.5786133,-1.171875,0,0.1010101,0.4609375,-0.666504,-0.3515625,0,0.04040404,0.4882813,-0.666504,-1.083984,0,0.04040404,0.4638672,-0.7250977,-0.4833985,0,0,0.4838867,-0.7250977,-0.9521485,0,0,0.4682617,0.0366211,15,0,0.5252525,1,0.7250977,-15,0,1,0,0.7250977,15,0,1,1,0.0366211,-15,0,0.5252525,0],[28,1,26,2,26,1,25,26,2,27,26,25,24,23,22,21,22,23,20,22,21,19,20,21,16,20,19,18,16,19,17,16,18,14,16,17,15,16,14,13,15,14,11,13,14,12,13,11,7,12,11,10,7,11,9,7,10,8,7,9,6,7,8,4,7,6,5,4,6,0,4,5,3,4,0,1,3,0,2,1,0],0,0,1,1,0,0,1,1,0,0,0,0,[0,0,0,0],[-0.7250977,-15,0.7250977,15],68.2666625976563,99,2048,99,2048,49.5,1024,0,0]},{"id":20886,"path":"Assets/Textures/Smart Noter AI.png","assetBundleId":-1,"data":["Smart Noter AI",34,20930,[0,0,0,1.412812,0.1431025,0],[-1.199459,0.1066764,0,0.07550645,0.8727273,-1.194255,-0.1431025,0,0.07734807,0,-1.194255,0.1014727,0,0.07734807,0.8545455,-1.225477,0.1431025,0,0.06629834,1,-1.3972,-0.1431025,0,0.005524862,0,-1.412812,0.1431025,0,0,1,-1.412812,-0.1378987,0,0,0.01818178,-0.8247905,0.09626893,0,0.2081031,0.8363636,-0.7935682,-0.1431025,0,0.2191529,0,-0.7935682,0.05984285,0,0.2191529,0.7090909,-1.183848,0.09626893,0,0.08103131,0.8363636,-1.183848,-0.1431025,0,0.08103131,0,-0.5333819,0.09626893,0,0.3112339,0.8363636,-0.7727533,-0.1431025,0,0.2265193,0,-0.5333819,-0.1431025,0,0.3112339,0,-0.7831607,0.09626893,0,0.2228361,0.8363636,-0.7883645,0.07545403,0,0.2209945,0.7636364,-0.7883645,-0.1378987,0,0.2209945,0.01818178,-0.2523807,0.1431025,0,0.4106814,1,-0.2107509,-0.1431025,0,0.4254144,0,-0.2107509,0.1118801,0,0.4254144,0.8909091,-0.3356403,0.1431025,0,0.3812155,1,-0.3460478,0.132695,0,0.3775322,0.9636363,-0.5177707,0.1014727,0,0.3167588,0.8545455,-0.5177707,-0.1431025,0,0.3167588,0,0.1587136,0.1431025,0,0.5561695,1,-0.1066764,-0.1431025,0,0.4622468,0,0.1587136,-0.1431025,0,0.5561695,0,-0.1118801,0.1431025,0,0.4604052,1,-0.1118801,-0.1378987,0,0.4604052,0.01818178,0.2055472,0.1431025,0,0.572744,1,0.5541968,-0.1274913,0,0.6961326,0.05454545,0.5229744,0.1431025,0,0.6850829,1,0.5594006,-0.1431025,0,0.6979742,0,0.1639174,0.09626893,0,0.5580111,0.8363636,0.1639174,-0.1431025,0,0.5580111,0,0.5541968,0.09106521,0,0.6961326,0.8181818,0.5594006,0.09106521,0,0.6979742,0.8181818,0.5594006,0.1118801,0,0.6979742,0.8909091,0.7831607,0.09626893,0,0.7771639,0.8363636,0.7935682,-0.1431025,0,0.7808471,0,0.7935682,0.06504657,0,0.7808471,0.7272727,0.5906229,0.09626893,0,0.709024,0.8363636,0.9600874,0.09626893,0,0.839779,0.8363636,0.8976427,-0.1431025,0,0.8176796,0,0.9600874,-0.01821304,0,0.839779,0.4363636,0.7987719,0.09626893,0,0.7826887,0.8363636,0.7987719,-0.1431025,0,0.7826887,0,1.329552,0.05463912,0,0.9705341,0.6909091,1.329552,-0.1431025,0,0.9705341,0,1.329552,-0.1378987,0,0.9705341,0.01818178,1.241089,0.1431025,0,0.9392265,1,1.095384,0.1431025,0,0.8876612,1,1.03294,-0.1118801,0,0.8655617,0.1090909,1.03294,-0.1431025,0,0.8655617,0,1.334756,0.1431025,0,0.9723757,1,1.412812,-0.1431025,0,1,0,1.412812,0.1431025,0,1,1,1.334756,-0.1431025,0,0.9723757,0,1.329552,0.1378987,0,0.9705341,0.9818182],[50,48,58,59,58,48,55,58,59,56,58,55,57,56,55,54,53,49,52,49,53,51,49,52,48,49,51,50,49,48,47,46,44,43,44,46,45,44,43,33,37,40,42,40,37,39,40,42,41,40,39,38,36,32,31,32,36,37,36,38,31,36,33,37,33,36,35,34,33,30,33,34,31,33,30,32,31,30,29,28,26,25,26,28,27,26,25,24,23,19,22,19,23,21,19,22,18,19,21,20,19,18,17,16,13,15,13,16,12,13,15,14,13,12,11,10,8,7,8,10,9,8,7,6,5,4,3,4,5,1,4,3,0,1,3,2,1,0],0,0,1,1,0,0,1,1,0,0,0,0,[0,0,0,0],[-1.412812,-0.1431025,1.412812,0.1431025],192.169998168945,543,55,543,55,271.5,27.5,0,0]},{"id":34280,"path":"Assets/Textures/message2shortMip2.png","assetBundleId":-1,"data":["message2shortMip2",34,34278,[0,0,0,5.625,3.795,0],[-5.625,3.795,0,0,1,5.625,-3.795,0,1,0,5.625,3.795,0,1,1,-5.625,-3.795,0,0,0],[3,0,1,2,1,0],0,0,1,1,0,0,1,1,0,0,0,0,[0,0,0,0],[-5.625,-3.795,5.625,3.795],100,1125,759,1125,759,562.5,379.5,0,0]},{"id":20884,"path":"Assets/Textures/Summary - Inactive.png","assetBundleId":-1,"data":["Summary - Inactive",34,20928,[0,0,0,0.4397148,0.07545403,0],[-0.4397148,0.07545403,0,0,1,0.4397148,0.07545403,0,1,1,-0.4397148,-0.07545403,0,0,0,0.4397148,-0.07545403,0,1,0],[0,1,2,2,1,3],0,0,1,1,0,0,1,1,0,0,0,0,[0,0,0,0],[-0.4397148,-0.07545403,0.4397148,0.07545403],192.169998168945,169,29,169,29,84.5,14.5,0,0]},{"id":33684,"path":"Assets/Textures/message2short.png","assetBundleId":-1,"data":["message2short",34,33682,[0,0,0,5.625,6.52,0],[-5.625,6.52,0,0,1,5.625,-6.52,0,1,0,5.625,6.52,0,1,1,-5.625,-6.52,0,0,0],[3,0,1,2,1,0],0,0,1,1,0,0,1,1,0,0,0,0,[0,0,0,0],[-5.625,-6.52,5.625,6.52],100,1125,1304,1125,1304,562.5,652,0,0]}],"text-assets":[{"id":21010,"path":"Assets/TextMesh Pro/Resources/LineBreaking Following Characters.txt","assetBundleId":-1,"data":["LineBreaking Following Characters",null,")]｝〕〉》」』】〙〗〟’”｠»ヽヾーァィゥェォッャュョヮヵヶぁぃぅぇぉっゃゅょゎゕゖㇰㇱㇲㇳㇴㇵㇶㇷㇸㇹㇺㇻㇼㇽㇾㇿ々〻‐゠–〜?!‼⁇⁈⁉・、%,.:;。！？］）：；＝}¢°\"†‡℃〆％，．"]},{"id":21008,"path":"Assets/TextMesh Pro/Resources/LineBreaking Leading Characters.txt","assetBundleId":-1,"data":["LineBreaking Leading Characters",null,"([｛〔〈《「『【〘〖〝‘“｟«$—…‥〳〴〵\\［（{£¥\"々〇＄￥￦ #"]}],"textures":[{"id":20904,"type":0,"path":"Assets/Textures/Tap to summarize - text.png","assetBundleId":-1,"data":["Tap to summarize - text",444,54,1,1,1,0,4,1,1,1,8,0,0,1,1],"ext":".webp"},{"id":20902,"type":0,"path":"Assets/Textures/Transcript - Inactive.png","assetBundleId":-1,"data":["Transcript - Inactive",177,32,1,1,1,0,4,1,1,1,8,0,0,1,1],"ext":".webp"},{"id":20900,"type":0,"path":"Assets/Textures/hand.png","assetBundleId":-1,"data":["hand",200,270,1,1,1,0,4,1,1,1,8,0,0,1,1],"ext":".webp"},{"id":20912,"type":0,"path":"Assets/Textures/Transcribe Audio.png","assetBundleId":-1,"data":["Transcribe Audio",480,110,1,1,1,0,4,1,1,1,8,0,0,1,1],"ext":".webp"},{"id":20908,"type":0,"path":"Assets/Textures/BGWhite.png","assetBundleId":-1,"data":["BGWhite",574,1020,1,1,1,0,10,1,1,1,97,0,0,1,1],"ext":".webp"},{"id":20906,"type":0,"path":"Assets/Textures/Text.png","assetBundleId":-1,"data":["Text",450,288,1,1,1,0,4,1,1,1,8,0,0,1,1],"ext":".webp"},{"id":20898,"type":0,"path":"Assets/Textures/Icon.png","assetBundleId":-1,"data":["Icon",100,100,1,1,1,0,12,1,1,1,101,0,0,1,1],"ext":".webp"},{"id":20910,"type":0,"path":"Assets/Textures/hexasort-arrow.png","assetBundleId":-1,"data":["hexasort-arrow",360,1020,1,1,1,0,12,1,1,1,101,0,0,1,1],"ext":".webp"},{"id":20914,"type":0,"path":"Assets/Textures/Transcript - Active.png","assetBundleId":-1,"data":["Transcript - Active",350,61,1,1,1,0,4,1,1,1,8,0,0,1,1],"ext":".webp"},{"id":20920,"type":0,"path":"Assets/Textures/Fill.png","assetBundleId":-1,"data":["Fill",1020,1020,1,1,1,0,10,1,1,1,97,0,0,1,1],"ext":".webp"},{"id":20918,"type":0,"path":"Assets/Textures/Summary - Active.png","assetBundleId":-1,"data":["Summary - Active",350,61,1,1,1,0,4,1,1,1,8,0,0,1,1],"ext":".webp"},{"id":20916,"type":0,"path":"Assets/Textures/Download.png","assetBundleId":-1,"data":["Download",336,81,1,1,1,0,4,1,1,1,8,0,0,1,1],"ext":".webp"},{"id":20922,"type":0,"path":"Assets/Textures/Transition.png","assetBundleId":-1,"data":["Transition",49,1020,1,1,1,0,4,1,1,1,8,0,0,1,1],"ext":".webp"},{"id":20926,"type":0,"path":"Assets/Textures/Tap to summarize - CTA.png","assetBundleId":-1,"data":["Tap to summarize - CTA",480,110,1,1,1,0,4,1,1,1,8,0,0,1,1],"ext":".webp"},{"id":33682,"type":0,"path":"Assets/Textures/message2short.png","assetBundleId":-1,"data":["message2short",880,1020,1,1,1,0,3,1,1,1,7,0,0,1,1],"ext":".webp"},{"id":20930,"type":0,"path":"Assets/Textures/Smart Noter AI.png","assetBundleId":-1,"data":["Smart Noter AI",543,55,1,1,1,0,4,1,1,1,8,0,0,1,1],"ext":".webp"},{"id":34278,"type":0,"path":"Assets/Textures/message2shortMip2.png","assetBundleId":-1,"data":["message2shortMip2",1020,688,1,1,1,0,3,1,1,1,7,0,0,1,1],"ext":".webp"},{"id":20928,"type":0,"path":"Assets/Textures/Summary - Inactive.png","assetBundleId":-1,"data":["Summary - Inactive",169,29,1,1,1,0,4,1,1,1,8,0,0,1,1],"ext":".webp"}]}